{"learner":{"attributes":{"niter":"14"},"feature_names":[],"feature_types":[],"gradient_booster":{"model":{"gbtree_model_param":{"num_parallel_tree":"1","num_trees":"15","size_leaf_vector":"0"},"tree_info":[0,0,0,0,0,0,0,0,0,0,0,0,0,0,0],"trees":[{"base_weights":[4.512E-1,1.2056738E0,-1.6714698E-1,4.3589744E-1,-6.4615387E-1],"categories":[],"categories_nodes":[],"categories_segments":[],"categories_sizes":[],"default_left":[0,0,0,0,0],"id":0,"left_children":[1,-1,3,-1,-1],"loss_changes":[7.30963E1,0E0,2.5340471E1,0E0,0E0],"parents":[2147483647,0,0,2,2],"right_children":[2,-1,4,-1,-1],"split_conditions":[1.265E0,3.6170214E-1,3.235E1,1.3076924E-1,-1.9384617E-1],"split_indices":[0,0,3,0,0],"split_type":[0,0,0,0,0],"sum_hessian":[1.5525E2,6.95E1,8.575E1,3.8E1,4.775E1],"tree_param":{"num_deleted":"0","num_feature":"5","num_nodes":"5","size_leaf_vector":"0"}},{"base_weights":[3.2523847E-1,9.658475E-1,-8.31364E-2,3.1100512E-1,-4.1640806E-1],"categories":[],"categories_nodes":[],"categories_segments":[],"categories_sizes":[],"default_left":[0,0,0,0,0],"id":1,"left_children":[1,-1,3,-1,-1],"loss_changes":[4.0215706E1,0E0,1.2557402E1,0E0,0E0],"parents":[2147483647,0,0,2,2],"right_children":[2,-1,4,-1,-1],"split_conditions":[1.105E0,2.8975427E-1,3.235E1,9.3301535E-2,-1.24922425E-1],"split_indices":[0,0,3,0,0],"split_type":[0,0,0,0,0],"sum_hessian":[1.5241776E2,5.880558E1,9.3612175E1,4.291997E1,5.0692204E1],"tree_param":{"num_deleted":"0","num_feature":"5","num_nodes":"5","size_leaf_vector":"0"}},{"base_weights":[2.4085012E-1,6.4421743E-1,-1.4349127E-1],"categories":[],"categories_nodes":[],"categories_segments":[],"categories_sizes":[],"default_left":[0,0,0],"id":2,"left_children":[1,-1,-1],"loss_changes":[2.30769E1,0E0,0E0],"parents":[2147483647,0,0],"right_children":[2,-1,-1],"split_conditions":[1.405E0,1.9326524E-1,-4.3047383E-2],"split_indices":[0,0,0],"split_type":[0,0,0],"sum_hessian":[1.4725745E2,7.152042E1,7.573703E1],"tree_param":{"num_deleted":"0","num_feature":"5","num_nodes":"3","size_leaf_vector":"0"}},{"base_weights":[1.7721738E-1,4.183971E-1,-3.7739128E-1,7.1917415E-1,1.9434349E-1],"categories":[],"categories_nodes":[],"categories_segments":[],"categories_sizes":[],"default_left":[1,0,0,0,0],"id":3,"left_children":[1,3,-1,-1,-1],"loss_changes":[1.9421356E1,6.6560154E0,0E0,0E0,0E0],"parents":[2147483647,0,0,1,1],"right_children":[2,4,-1,-1,-1],"split_conditions":[4.9027073E1,1.195E0,-1.1321739E-1,2.1575226E-1,5.830305E-2],"split_indices":[4,0,0,0,0],"split_type":[0,0,0,0,0],"sum_hessian":[1.4301466E2,9.9842354E1,4.3172314E1,4.167996E1,5.81624E1],"tree_param":{"num_deleted":"0","num_feature":"5","num_nodes":"5","size_leaf_vector":"0"}},{"base_weights":[1.3133669E-1,3.035559E-1,-2.919989E-1,5.790556E-1,1.1541697E-1],"categories":[],"categories_nodes":[],"categories_segments":[],"categories_sizes":[],"default_left":[1,0,0,0,0],"id":4,"left_children":[1,3,-1,-1,-1],"loss_changes":[1.0324665E1,5.131406E0,0E0,0E0,0E0],"parents":[2147483647,0,0,1,1],"right_children":[2,4,-1,-1,-1],"split_conditions":[5.06771E1,1.195E0,-8.759967E-2,1.737167E-1,3.462509E-2],"split_indices":[4,0,0,0,0],"split_type":[0,0,0,0,0],"sum_hessian":[1.3939934E2,9.9289734E1,4.01096E1,3.9447422E1,5.984231E1],"tree_param":{"num_deleted":"0","num_feature":"5","num_nodes":"5","size_leaf_vector":"0"}},{"base_weights":[9.722898E-2,2.6244658E-1,-2.5204176E-1,4.4329503E-1,1.0539491E-3],"categories":[],"categories_nodes":[],"categories_segments":[],"categories_sizes":[],"default_left":[0,0,0,0,0],"id":5,"left_children":[1,3,-1,-1,-1],"loss_changes":[7.969847E0,4.418176E0,0E0,0E0,0E0],"parents":[2147483647,0,0,1,1],"right_children":[2,4,-1,-1,-1],"split_conditions":[2.6015152E1,3.325E1,-7.561253E-2,1.3298851E-1,3.1618474E-4],"split_indices":[2,3,0,0,0],"split_type":[0,0,0,0,0],"sum_hessian":[1.3596574E2,9.247183E1,4.3493908E1,5.424542E1,3.8226414E1],"tree_param":{"num_deleted":"0","num_feature":"5","num_nodes":"5","size_leaf_vector":"0"}},{"base_weights":[7.0607685E-2,2.8423718E-1,-1.3766211E-1],"categories":[],"categories_nodes":[],"categories_segments":[],"categories_sizes":[],"default_left":[1,0,0],"id":6,"left_children":[1,-1,-1],"loss_changes":[6.0380073E0,0E0,0E0],"parents":[2147483647,0,0],"right_children":[2,-1,-1],"split_conditions":[1.5305019E1,8.527116E-2,-4.1298635E-2],"split_indices":[2,0,0],"split_type":[0,0,0],"sum_hessian":[1.3382877E2,6.588426E1,6.79445E1],"tree_param":{"num_deleted":"0","num_feature":"5","num_nodes":"3","size_leaf_vector":"0"}},{"base_weights":[5.0570607E-2,2.0816791E-1,-2.3444754E-1,3.5752642E-1,7.875564E-2],"categories":[],"categories_nodes":[],"categories_segments":[],"categories_sizes":[],"default_left":[0,0,0,0,0],"id":7,"left_children":[1,3,-1,-1,-1],"loss_changes":[6.0593295E0,1.6475732E0,0E0,0E0,0E0],"parents":[2147483647,0,0,1,1],"right_children":[2,4,-1,-1,-1],"split_conditions":[2.9850001E0,1.055E0,-7.033426E-2,1.0725793E-1,2.3626693E-2],"split_indices":[0,0,0,0,0],"split_type":[0,0,0,0,0],"sum_hessian":[1.3281079E2,8.5695915E1,4.7114876E1,3.8963867E1,4.6732048E1],"tree_param":{"num_deleted":"0","num_feature":"5","num_nodes":"5","size_leaf_vector":"0"}},{"base_weights":[3.7393916E-2,1.872486E-1,-2.0296721E-1,3.6528945E-1,1.7991679E-2],"categories":[],"categories_nodes":[],"categories_segments":[],"categories_sizes":[],"default_left":[0,1,0,0,0],"id":8,"left_children":[1,3,-1,-1,-1],"loss_changes":[4.7678566E0,2.4465673E0,0E0,0E0,0E0],"parents":[2147483647,0,0,1,1],"right_children":[2,4,-1,-1,-1],"split_conditions":[3.895E1,3.3007347E1,-6.0890164E-2,1.0958684E-1,5.3975037E-3],"split_indices":[3,4,0,0,0],"split_type":[0,0,0,0,0],"sum_hessian":[1.3031458E2,8.0405945E1,4.990863E1,3.86217E1,4.1784245E1],"tree_param":{"num_deleted":"0","num_feature":"5","num_nodes":"5","size_leaf_vector":"0"}},{"base_weights":[2.7447624E-2,2.449379E-1,-9.632879E-2,6.2279284E-2,-2.7328977E-1],"categories":[],"categories_nodes":[],"categories_segments":[],"categories_sizes":[],"default_left":[1,0,1,0,0],"id":9,"left_children":[1,-1,3,-1,-1],"loss_changes":[3.5211463E0,0E0,2.3611603E0,0E0,0E0],"parents":[2147483647,0,0,2,2],"right_children":[2,-1,4,-1,-1],"split_conditions":[2.0685062E1,7.348137E-2,1.7019825E1,1.8683786E-2,-8.1986934E-2],"split_indices":[4,0,2,0,0],"split_type":[0,0,0,0,0],"sum_hessian":[1.2892311E2,4.6404995E1,8.251812E1,4.385735E1,3.8660767E1],"tree_param":{"num_deleted":"0","num_feature":"5","num_nodes":"5","size_leaf_vector":"0"}},{"base_weights":[1.9649265E-2,1.372743E-1,-1.8693872E-1,2.6950008E-1,-1.4063249E-2],"categories":[],"categories_nodes":[],"categories_segments":[],"categories_sizes":[],"default_left":[0,1,0,0,0],"id":10,"left_children":[1,3,-1,-1,-1],"loss_changes":[3.1612995E0,1.6606786E0,0E0,0E0,0E0],"parents":[2147483647,0,0,1,1],"right_children":[2,4,-1,-1,-1],"split_conditions":[2.9850001E0,4.3500004E0,-5.608162E-2,8.085003E-2,-4.218975E-3],"split_indices":[0,1,0,0,0],"split_type":[0,0,0,0,0],"sum_hessian":[1.2803902E2,8.180003E1,4.6238983E1,4.3239918E1,3.856012E1],"tree_param":{"num_deleted":"0","num_feature":"5","num_nodes":"5","size_leaf_vector":"0"}},{"base_weights":[1.4315772E-2,1.2337429E-1,-2.044393E-1,2.553334E-1,5.683333E-3],"categories":[],"categories_nodes":[],"categories_segments":[],"categories_sizes":[],"default_left":[0,0,0,0,0],"id":11,"left_children":[1,3,-1,-1,-1],"loss_changes":[3.0759237E0,1.3334775E0,0E0,0E0,0E0],"parents":[2147483647,0,0,1,1],"right_children":[2,4,-1,-1,-1],"split_conditions":[2.6015152E1,5.05E0,-6.133179E-2,7.660002E-2,1.7050001E-3],"split_indices":[2,1,0,0,0],"split_type":[0,0,0,0,0],"sum_hessian":[1.2687392E2,8.495588E1,4.191803E1,3.9498875E1,4.5457005E1],"tree_param":{"num_deleted":"0","num_feature":"5","num_nodes":"5","size_leaf_vector":"0"}},{"base_weights":[1.0510524E-2,1.5347221E-1,-1.23139426E-1],"categories":[],"categories_nodes":[],"categories_segments":[],"categories_sizes":[],"default_left":[1,0,0],"id":12,"left_children":[1,-1,-1],"loss_changes":[2.4425354E0,0E0,0E0],